insert into hpo values 
('HP:0000001', 'All'),
('HP:0000002', 'Abnormality of body height'),
('HP:0000003', 'Multicystic kidney dysplasia'),
('HP:0000005', 'Mode of inheritance'),
('HP:0000006', 'Autosomal dominant inheritance');


insert into hp_hp_mappings values
('3466573',	'HP:0000003',	'Multicystic kidney dysplasia',	'HP:0100877',	'Renal diverticulum',	'0.769231',	'5.347805',	'2.028225214383722',	'HP:0000107',	'Renal cyst'),
('3466574',	'HP:0000003',	'Multicystic kidney dysplasia',	'HP:0100881',	'Congenital mesoblastic nephroma',	'0.380952',	'3.020727',	'1.0727310768221452',	'HP:0000077',	'Abnormality of the kidney'),
('3466575',	'HP:0000003',	'Multicystic kidney dysplasia',	'HP:0100880',	'Nephrogenic rest',	'0.75',	'3.442544',	'1.6068316612497417',	'HP:0012210',	'Abnormal renal morphology'),
('3466576',	'HP:0000003',	'Multicystic kidney dysplasia',	'HP:0001917',	'Renal amyloidosis',	'0.642857',	'3.442544',	'1.48763690115246',	'HP:0012210',	'Abnormal renal morphology'),
('3466577',	'HP:0000003',	'Multicystic kidney dysplasia',	'HP:0001919',	'Acute kidney injury',	'0.533333',	'3.020727',	'1.269272768407093',	'HP:0000077',	'Abnormality of the kidney');

insert into hp_alt_ids values
('HP:0000003', 'HP:0000003'),
('HP:0004715', 'HP:0000003'),
('HP:0000005', 'HP:0000005'),
('HP:0001453', 'HP:0000005'),
('HP:0001461', 'HP:0000005'),
('HP:0000006', 'HP:0000006'),
('HP:0001415', 'HP:0000006'),
('HP:0001447', 'HP:0000006'),
('HP:0001448', 'HP:0000006'),
('HP:0001451', 'HP:0000006'),
('HP:0001455', 'HP:0000006'),
('HP:0001456', 'HP:0000006'),
('HP:0001463', 'HP:0000006');
